mean,sum,count
11.5,46,4
15.666666666666666,47,3
27.666666666666668,83,3
